9000013099.0,6152.523282,8667.977575,0.0,2.0,1.0,1.0,1.0,1.0,1.0,2.0,2.0,2.0,11.0,1.0,11.0,11.0,1.0,2.0,2.0,1.0,2.0,1.0,4.0,4.0,1.0,4.0,1.0,0.0,0.0,2.0,1.0,202202.0,2.0,1021.0,20.0,30.0
9000015676.0,4397.392572,0.0,12856.32999,2.0,2.0,1.0,2.0,5.0,3.0,2.0,2.0,2.0,52.0,1.0,11.0,11.0,1.0,2.0,2.0,1.0,2.0,2.0,4.0,1.0,1.0,2.0,1.0,0.0,0.0,2.0,1.0,202202.0,0.0,1029.0,29.0,0.0
9000018343.0,16160.426,23261.38398,0.0,1.0,1.0,2.0,2.0,9.0,4.0,2.0,1.0,5.0,92.0,1.0,10.0,10.0,1.0,1.0,2.0,2.0,9.0,2.0,5.0,2.0,1.0,5.0,1.0,0.0,0.0,1.0,1.0,202201.0,0.0,1037.0,98.0,49.0
9000018345.0,5226.785553,7826.094433,0.0,2.0,1.0,1.0,1.0,9.0,4.0,2.0,2.0,0.0,91.0,1.0,10.0,10.0,1.0,2.0,2.0,1.0,2.0,1.0,5.0,2.0,1.0,4.0,1.0,0.0,0.0,2.0,1.0,202202.0,1.0,1037.0,30.0,49.0
9000018787.0,8349.292841,11364.04582,0.0,2.0,1.0,1.0,2.0,9.0,4.0,2.0,2.0,2.0,93.0,1.0,11.0,11.0,1.0,2.0,3.0,1.0,10.0,3.0,2.0,4.0,4.0,6.0,2.0,0.0,0.0,2.0,2.0,202202.0,2.0,1038.0,34.0,98.0,98.0
9000018817.0,3642.479261,5438.161955,0.0,2.0,1.0,1.0,2.0,9.0,4.0,2.0,2.0,4.0,92.0,1.0,10.0,10.0,1.0,2.0,5.0,1.0,10.0,2.0,4.0,2.0,1.0,5.0,1.0,0.0,0.0,2.0,1.0,202202.0,1.0,1037.0,0.0,41.0,0.0,0.0,34.0
9000018846.0,3772.991745,5017.348773,0.0,1.0,1.0,1.0,2.0,9.0,4.0,2.0,1.0,2.0,93.0,1.0,8.0,8.0,1.0,1.0,2.0,2.0,9.0,3.0,2.0,2.0,1.0,1.0,1.0,0.0,0.0,1.0,1.0,202201.0,0.0,1037.0,30.0,54.0
9000018881.0,6216.33895,8392.275313,0.0,2.0,3.0,2.0,1.0,9.0,4.0,2.0,2.0,3.0,91.0,1.0,5.0,5.0,1.0,3.0,3.0,1.0,6.0,1.0,5.0,2.0,1.0,4.0,1.0,1.0,0.0,3.0,1.0,202202.0,2.0,1037.0,35.0,7.0,98.0
9000018940.0,3678.552294,5210.044694,0.0,2.0,1.0,1.0,2.0,9.0,4.0,2.0,2.0,4.0,92.0,1.0,9.0,9.0,1.0,2.0,3.0,1.0,10.0,2.0,4.0,3.0,1.0,5.0,1.0,0.0,0.0,2.0,1.0,202202.0,0.0,1037.0,49.0,49.0,35.0
9000019105.0,14788.32959,23303.04516,0.0,3.0,3.0,1.0,1.0,9.0,4.0,2.0,3.0,4.0,91.0,1.0,11.0,11.0,1.0,3.0,3.0,2.0,2.0,1.0,5.0,2.0,1.0,4.0,1.0,0.0,0.0,3.0,1.0,202201.0,3.0,1037.0,35.0,37.0,37.0
9000045670.0,9770.573444,14555.14608,0.0,2.0,1.0,1.0,1.0,9.0,4.0,2.0,2.0,2.0,91.0,1.0,11.0,11.0,3.0,2.0,2.0,1.0,2.0,1.0,5.0,4.0,1.0,4.0,1.0,0.0,0.0,2.0,1.0,202203.0,1.0,1037.0,34.0,29.0
9000046478.0,15979.33335,25128.88624,0.0,2.0,2.0,1.0,2.0,7.0,3.0,2.0,2.0,2.0,72.0,1.0,8.0,8.0,1.0,2.0,2.0,1.0,10.0,2.0,5.0,3.0,1.0,5.0,1.0,0.0,0.0,2.0,1.0,202203.0,0.0,1033.0,37.0,29.0
9000047269.0,9659.976277,13740.26865,0.0,1.0,1.0,1.0,2.0,9.0,4.0,1.0,1.0,0.0,92.0,1.0,10.0,10.0,3.0,1.0,1.0,2.0,1.0,2.0,5.0,4.0,1.0,5.0,1.0,0.0,0.0,1.0,1.0,202202.0,1.0,1037.0,29.0
9000047589.0,12184.31497,18154.86207,0.0,2.0,1.0,1.0,1.0,9.0,4.0,2.0,2.0,2.0,91.0,1.0,11.0,11.0,3.0,2.0,2.0,1.0,2.0,1.0,5.0,5.0,1.0,4.0,1.0,0.0,0.0,2.0,1.0,202203.0,2.0,1037.0,29.0,42.0
9000048090.0,6664.158276,0.0,22826.70249,4.0,1.0,1.0,2.0,3.0,2.0,2.0,4.0,8.0,34.0,1.0,7.0,7.0,1.0,4.0,4.0,1.0,2.0,4.0,6.0,1.0,2.0,6.0,1.0,0.0,0.0,4.0,1.0,202202.0,4.0,1025.0,23.0,35.0,13.0,18.0
9000048197.0,35564.73209,52304.76304,0.0,3.0,2.0,1.0,2.0,5.0,3.0,2.0,3.0,10.0,52.0,1.0,11.0,11.0,1.0,3.0,3.0,1.0,2.0,2.0,4.0,2.0,1.0,5.0,1.0,0.0,0.0,3.0,1.0,202203.0,2.0,1029.0,29.0,34.0,48.0
9000048627.0,4050.939044,5695.251931,0.0,2.0,1.0,1.0,2.0,2.0,1.0,2.0,3.0,4.0,22.0,2.0,9.0,9.0,1.0,4.0,2.0,1.0,6.0,2.0,4.0,5.0,1.0,5.0,1.0,2.0,0.0,3.0,1.0,202202.0,2.0,1023.0,34.0,30.0
9000049158.0,12808.34083,0.0,41197.16741,3.0,1.0,1.0,1.0,9.0,4.0,1.0,2.0,6.0,91.0,1.0,11.0,11.0,1.0,3.0,2.0,1.0,2.0,1.0,5.0,1.0,1.0,4.0,1.0,0.0,0.0,3.0,1.0,202202.0,3.0,1037.0,0.0,41.0
9000049347.0,16363.9521,22746.39881,0.0,2.0,1.0,2.0,1.0,9.0,4.0,2.0,2.0,8.0,91.0,1.0,8.0,8.0,1.0,4.0,2.0,1.0,4.0,1.0,5.0,2.0,1.0,2.0,1.0,0.0,2.0,2.0,1.0,202203.0,2.0,1037.0,48.0,55.0
9000049704.0,6671.879309,8260.981647,0.0,3.0,1.0,1.0,2.0,9.0,4.0,2.0,3.0,6.0,93.0,1.0,8.0,8.0,1.0,4.0,3.0,1.0,4.0,3.0,1.0,3.0,4.0,6.0,2.0,0.0,1.0,3.0,2.0,202202.0,2.0,1038.0,29.0,30.0,12.0
9000049802.0,10162.58433,14934.76368,0.0,2.0,1.0,2.0,2.0,5.0,3.0,2.0,2.0,2.0,52.0,1.0,11.0,11.0,1.0,2.0,2.0,1.0,10.0,2.0,5.0,3.0,1.0,5.0,1.0,0.0,0.0,2.0,1.0,202202.0,2.0,1029.0,29.0,12.0
9000049817.0,11039.62722,0.0,37122.06679,4.0,3.0,2.0,2.0,7.0,3.0,2.0,4.0,0.0,72.0,1.0,2.0,2.0,1.0,5.0,3.0,1.0,8.0,2.0,5.0,1.0,1.0,5.0,1.0,1.0,0.0,5.0,1.0,202203.0,2.0,1033.0,63.0,12.0,29.0
9000050888.0,29541.01883,0.0,147018.0248,1.0,1.0,1.0,2.0,5.0,3.0,2.0,1.0,2.0,52.0,1.0,6.0,6.0,97.0,1.0,3.0,2.0,9.0,2.0,5.0,7.0,1.0,5.0,1.0,0.0,0.0,1.0,1.0,202202.0,0.0,1029.0,35.0,37.0,98.0
9000050996.0,74684.3129,109974.653,0.0,2.0,1.0,1.0,1.0,9.0,4.0,1.0,2.0,9.0,91.0,1.0,10.0,10.0,6.0,3.0,2.0,1.0,4.0,1.0,5.0,3.0,1.0,4.0,1.0,0.0,1.0,2.0,1.0,202206.0,2.0,1037.0,20.0,35.0
9000051009.0,8931.815327,12474.75258,0.0,1.0,2.0,1.0,1.0,9.0,4.0,2.0,1.0,2.0,91.0,1.0,9.0,9.0,1.0,1.0,3.0,2.0,9.0,1.0,5.0,6.0,1.0,2.0,1.0,0.0,0.0,1.0,1.0,202202.0,0.0,1037.0,29.0,12.0,23.0
9000051384.0,10158.79455,15311.22617,0.0,2.0,1.0,1.0,2.0,5.0,3.0,2.0,2.0,8.0,52.0,1.0,10.0,10.0,1.0,3.0,2.0,1.0,6.0,2.0,4.0,4.0,1.0,5.0,1.0,1.0,0.0,3.0,2.0,202202.0,2.0,1030.0,20.0,35.0
9000051611.0,3962.811771,5381.248624,0.0,2.0,1.0,1.0,2.0,8.0,4.0,2.0,2.0,9.0,83.0,1.0,10.0,10.0,1.0,3.0,2.0,1.0,6.0,3.0,2.0,2.0,1.0,2.0,1.0,1.0,0.0,3.0,2.0,202205.0,2.0,1036.0,49.0,30.0
9000051793.0,22602.69031,0.0,71644.67149,2.0,1.0,1.0,2.0,5.0,3.0,2.0,2.0,6.0,52.0,1.0,10.0,10.0,1.0,4.0,2.0,1.0,4.0,2.0,4.0,7.0,1.0,5.0,1.0,1.0,1.0,3.0,1.0,202205.0,2.0,1029.0,29.0,12.0
9000052452.0,28831.46853,0.0,102376.9312,1.0,1.0,2.0,1.0,9.0,4.0,2.0,1.0,2.0,91.0,1.0,8.0,8.0,1.0,1.0,1.0,2.0,1.0,1.0,5.0,7.0,1.0,4.0,1.0,0.0,0.0,1.0,1.0,202203.0,1.0,1037.0,29.0
9000052737.0,25058.06772,39230.98403,0.0,2.0,1.0,1.0,2.0,5.0,3.0,2.0,2.0,10.0,53.0,1.0,10.0,10.0,1.0,4.0,7.0,1.0,6.0,3.0,3.0,4.0,1.0,1.0,1.0,2.0,0.0,4.0,1.0,202204.0,2.0,1029.0,34.0,34.0,34.0,12.0,30.0,0.0,37.0
9000054582.0,7867.793697,10958.40531,0.0,2.0,3.0,2.0,2.0,9.0,4.0,2.0,2.0,6.0,93.0,1.0,5.0,5.0,1.0,3.0,2.0,1.0,6.0,3.0,2.0,2.0,1.0,2.0,1.0,1.0,0.0,3.0,1.0,202204.0,1.0,1037.0,49.0,35.0
9000054698.0,17037.56839,24874.71876,0.0,1.0,1.0,2.0,1.0,3.0,2.0,1.0,1.0,0.0,31.0,1.0,11.0,11.0,1.0,1.0,1.0,2.0,1.0,1.0,5.0,3.0,1.0,4.0,1.0,0.0,0.0,1.0,1.0,202204.0,1.0,1025.0,0.0
9000054838.0,32577.25807,0.0,84946.91829,2.0,1.0,3.0,1.0,9.0,4.0,2.0,2.0,4.0,91.0,1.0,10.0,10.0,1.0,2.0,1.0,1.0,2.0,1.0,5.0,7.0,1.0,4.0,1.0,0.0,0.0,2.0,1.0,202205.0,2.0,1037.0,98.0
9000055110.0,25390.94013,0.0,69609.19787,2.0,1.0,1.0,1.0,9.0,4.0,2.0,2.0,8.0,91.0,1.0,11.0,11.0,1.0,3.0,2.0,1.0,6.0,1.0,5.0,7.0,1.0,4.0,1.0,1.0,0.0,3.0,1.0,202203.0,1.0,1037.0,29.0,12.0
9000055233.0,53986.81202,83475.25085,0.0,2.0,1.0,1.0,2.0,9.0,4.0,2.0,2.0,9.0,92.0,1.0,11.0,11.0,3.0,3.0,2.0,1.0,6.0,2.0,5.0,6.0,1.0,5.0,1.0,1.0,0.0,3.0,1.0,202203.0,2.0,1037.0,54.0,29.0
9000055315.0,9161.676038,0.0,29976.34965,2.0,1.0,1.0,2.0,2.0,1.0,2.0,2.0,3.0,22.0,1.0,11.0,11.0,1.0,3.0,2.0,1.0,6.0,2.0,4.0,1.0,1.0,5.0,1.0,1.0,0.0,3.0,1.0,202203.0,2.0,1023.0,29.0,12.0
9000056691.0,7228.01885,8735.536851,0.0,2.0,2.0,4.0,2.0,5.0,3.0,2.0,2.0,8.0,53.0,1.0,5.0,5.0,1.0,2.0,2.0,1.0,10.0,3.0,2.0,3.0,1.0,1.0,1.0,0.0,0.0,2.0,1.0,202203.0,0.0,1029.0,12.0,98.0
9000057069.0,18164.99749,0.0,55840.2798,2.0,3.0,3.0,1.0,9.0,4.0,2.0,2.0,6.0,91.0,1.0,10.0,10.0,1.0,2.0,1.0,1.0,2.0,1.0,4.0,7.0,1.0,4.0,1.0,0.0,0.0,2.0,1.0,202203.0,1.0,1037.0,29.0
9000057641.0,91245.22057,0.0,164603.8801,2.0,1.0,1.0,1.0,1.0,1.0,2.0,2.0,4.0,11.0,1.0,11.0,11.0,3.0,3.0,3.0,1.0,6.0,1.0,5.0,7.0,1.0,4.0,1.0,1.0,0.0,3.0,2.0,202203.0,2.0,1022.0,49.0,34.0,29.0
9000057898.0,10105.45411,13399.98536,0.0,3.0,1.0,1.0,2.0,3.0,2.0,2.0,4.0,15.0,32.0,1.0,11.0,11.0,1.0,4.0,4.0,1.0,8.0,2.0,5.0,2.0,4.0,6.0,2.0,1.0,0.0,4.0,2.0,202204.0,2.0,1026.0,29.0,98.0,29.0,2.0
9000074353.0,18143.26855,26252.46005,0.0,2.0,1.0,1.0,1.0,9.0,4.0,2.0,2.0,12.0,91.0,1.0,11.0,11.0,3.0,4.0,2.0,1.0,4.0,1.0,5.0,2.0,1.0,3.0,1.0,1.0,1.0,3.0,1.0,202204.0,2.0,1037.0,29.0,37.0
9000075187.0,7257.840122,10877.56632,0.0,2.0,2.0,2.0,2.0,8.0,4.0,2.0,2.0,3.0,82.0,1.0,10.0,10.0,1.0,2.0,2.0,1.0,10.0,2.0,4.0,2.0,1.0,5.0,1.0,0.0,0.0,2.0,1.0,202204.0,1.0,1035.0,48.0,98.0
9000075215.0,586.7577224,886.9701556,0.0,2.0,2.0,1.0,2.0,9.0,4.0,2.0,2.0,6.0,93.0,1.0,11.0,11.0,1.0,2.0,3.0,1.0,2.0,3.0,1.0,3.0,2.0,6.0,1.0,0.0,0.0,2.0,1.0,202204.0,0.0,1039.0,13.0,29.0,12.0
9000075299.0,24228.36019,0.0,65272.00539,2.0,1.0,1.0,2.0,4.0,2.0,2.0,2.0,0.0,43.0,1.0,8.0,8.0,1.0,4.0,2.0,1.0,4.0,3.0,1.0,1.0,4.0,6.0,2.0,1.0,1.0,3.0,2.0,202204.0,1.0,1028.0,2.0,12.0
9000075607.0,17145.26759,26492.40832,0.0,1.0,2.0,1.0,2.0,9.0,4.0,2.0,1.0,2.0,93.0,1.0,11.0,11.0,1.0,1.0,2.0,2.0,9.0,3.0,1.0,4.0,2.0,6.0,1.0,0.0,0.0,1.0,1.0,202204.0,0.0,1037.0,29.0,20.0
9000075626.0,14239.78991,20677.23952,0.0,2.0,1.0,1.0,2.0,7.0,3.0,2.0,2.0,6.0,72.0,1.0,11.0,11.0,1.0,4.0,2.0,1.0,6.0,2.0,4.0,5.0,1.0,5.0,1.0,2.0,0.0,4.0,1.0,202204.0,2.0,1033.0,29.0,37.0
9000075695.0,8008.601083,10961.15024,0.0,3.0,1.0,1.0,2.0,3.0,2.0,2.0,3.0,18.0,33.0,1.0,9.0,9.0,1.0,4.0,4.0,1.0,6.0,3.0,3.0,6.0,1.0,3.0,1.0,1.0,0.0,4.0,1.0,202204.0,3.0,1025.0,37.0,41.0,35.0,35.0
9000075789.0,13423.99642,0.0,39783.84405,2.0,2.0,1.0,1.0,2.0,1.0,2.0,2.0,8.0,21.0,1.0,11.0,11.0,1.0,4.0,3.0,1.0,6.0,1.0,5.0,1.0,1.0,4.0,1.0,2.0,0.0,4.0,1.0,202204.0,1.0,1023.0,6.0,0.0,19.0
9000075923.0,7737.112856,10231.01948,0.0,2.0,2.0,1.0,1.0,5.0,3.0,2.0,2.0,4.0,51.0,1.0,9.0,9.0,1.0,2.0,2.0,1.0,10.0,1.0,5.0,5.0,1.0,4.0,1.0,0.0,0.0,2.0,1.0,202204.0,0.0,1029.0,49.0,29.0
9000075957.0,12242.23688,20147.10767,0.0,2.0,1.0,1.0,1.0,9.0,4.0,2.0,2.0,2.0,91.0,1.0,11.0,11.0,1.0,2.0,2.0,1.0,10.0,1.0,5.0,2.0,1.0,4.0,1.0,0.0,0.0,2.0,1.0,202205.0,2.0,1037.0,20.0,49.0
9000076724.0,21628.98954,0.0,63597.50744,2.0,3.0,3.0,1.0,9.0,4.0,2.0,2.0,8.0,91.0,1.0,8.0,8.0,1.0,2.0,1.0,1.0,2.0,1.0,4.0,7.0,1.0,4.0,1.0,0.0,0.0,2.0,1.0,202205.0,2.0,1037.0,29.0
9000077263.0,11701.34712,12651.24573,0.0,2.0,3.0,1.0,2.0,9.0,4.0,2.0,2.0,4.0,93.0,1.0,7.0,7.0,1.0,4.0,2.0,1.0,4.0,3.0,3.0,5.0,1.0,1.0,1.0,1.0,1.0,3.0,2.0,202204.0,1.0,1038.0,20.0,35.0
9000077274.0,29508.69286,43876.41017,0.0,2.0,1.0,1.0,1.0,9.0,4.0,2.0,2.0,3.0,91.0,1.0,10.0,10.0,3.0,2.0,2.0,1.0,10.0,1.0,5.0,3.0,1.0,4.0,1.0,0.0,0.0,2.0,1.0,202204.0,1.0,1037.0,63.0,29.0
9000077486.0,15538.01869,22769.40038,0.0,2.0,1.0,1.0,2.0,5.0,3.0,2.0,2.0,5.0,53.0,1.0,9.0,9.0,1.0,2.0,2.0,1.0,2.0,3.0,3.0,3.0,1.0,2.0,1.0,0.0,0.0,2.0,2.0,202205.0,2.0,1030.0,29.0,37.0
9000086762.0,57313.1339,86463.93314,0.0,4.0,1.0,1.0,2.0,9.0,4.0,2.0,3.0,8.0,92.0,1.0,11.0,11.0,3.0,6.0,2.0,1.0,4.0,2.0,5.0,4.0,1.0,5.0,1.0,0.0,2.0,4.0,1.0,202205.0,2.0,1037.0,30.0,59.0
9000087337.0,14357.82959,23003.66874,0.0,2.0,2.0,1.0,1.0,3.0,2.0,2.0,2.0,12.0,31.0,1.0,11.0,11.0,1.0,4.0,2.0,1.0,6.0,1.0,5.0,2.0,1.0,4.0,1.0,2.0,0.0,4.0,1.0,202206.0,2.0,1025.0,37.0,29.0
9000087907.0,17770.59762,23179.92464,0.0,2.0,1.0,1.0,2.0,3.0,2.0,2.0,2.0,10.0,33.0,1.0,-7.0,8.0,1.0,5.0,3.0,1.0,4.0,3.0,1.0,5.0,4.0,6.0,2.0,3.0,0.0,5.0,2.0,202205.0,1.0,1026.0,49.0,29.0,20.0
9000088418.0,14892.81234,24779.80453,0.0,2.0,2.0,1.0,2.0,5.0,3.0,2.0,2.0,10.0,53.0,1.0,11.0,11.0,1.0,2.0,2.0,1.0,2.0,3.0,3.0,6.0,1.0,2.0,1.0,0.0,0.0,2.0,1.0,202205.0,2.0,1029.0,29.0,29.0
9000088623.0,12847.97756,19614.26763,0.0,2.0,2.0,1.0,1.0,9.0,4.0,2.0,2.0,6.0,91.0,1.0,11.0,11.0,1.0,2.0,2.0,1.0,10.0,1.0,5.0,6.0,1.0,4.0,1.0,0.0,0.0,2.0,1.0,202205.0,1.0,1037.0,29.0,48.0
9000088650.0,5791.94163,9115.334605,0.0,2.0,1.0,1.0,2.0,4.0,2.0,2.0,2.0,6.0,42.0,1.0,10.0,10.0,1.0,2.0,3.0,1.0,10.0,2.0,4.0,6.0,4.0,6.0,2.0,0.0,0.0,2.0,2.0,202207.0,1.0,1028.0,49.0,20.0,37.0
9000088769.0,26597.8354,35838.93065,0.0,2.0,2.0,1.0,2.0,5.0,3.0,2.0,2.0,4.0,53.0,1.0,6.0,6.0,1.0,2.0,3.0,1.0,2.0,3.0,3.0,3.0,1.0,3.0,1.0,0.0,0.0,2.0,1.0,202205.0,2.0,1029.0,12.0,7.0,29.0
9000088891.0,18948.65352,26694.9117,0.0,2.0,1.0,1.0,2.0,8.0,4.0,2.0,2.0,4.0,82.0,1.0,8.0,8.0,1.0,2.0,5.0,1.0,2.0,2.0,4.0,4.0,1.0,1.0,1.0,0.0,0.0,2.0,1.0,202205.0,2.0,1035.0,49.0,54.0,49.0,49.0,35.0
9000089711.0,13887.07589,17943.43818,0.0,1.0,2.0,2.0,1.0,5.0,3.0,2.0,1.0,0.0,51.0,1.0,6.0,6.0,1.0,1.0,1.0,2.0,9.0,1.0,5.0,6.0,1.0,4.0,1.0,0.0,0.0,1.0,1.0,202207.0,0.0,1029.0,29.0
9000095726.0,7046.04454,0.0,22044.86652,2.0,2.0,1.0,2.0,9.0,4.0,2.0,2.0,4.0,92.0,1.0,9.0,9.0,1.0,2.0,2.0,1.0,10.0,2.0,5.0,1.0,1.0,5.0,1.0,0.0,0.0,2.0,1.0,202206.0,0.0,1037.0,29.0,12.0
9000095994.0,14950.13408,22209.88534,0.0,2.0,1.0,1.0,2.0,7.0,3.0,2.0,2.0,4.0,72.0,1.0,8.0,8.0,1.0,2.0,4.0,1.0,10.0,2.0,4.0,5.0,1.0,3.0,1.0,0.0,0.0,2.0,1.0,202206.0,0.0,1033.0,20.0,0.0,0.0,98.0
9000096086.0,14335.91876,18400.98684,0.0,2.0,1.0,1.0,2.0,5.0,3.0,2.0,2.0,15.0,53.0,1.0,7.0,7.0,1.0,4.0,2.0,1.0,6.0,3.0,2.0,6.0,1.0,1.0,1.0,2.0,0.0,4.0,1.0,202207.0,2.0,1029.0,29.0,35.0
9000096463.0,18481.4623,28715.08894,0.0,2.0,2.0,1.0,2.0,9.0,4.0,2.0,2.0,4.0,92.0,1.0,11.0,11.0,1.0,2.0,2.0,1.0,10.0,2.0,4.0,5.0,1.0,5.0,1.0,0.0,0.0,2.0,1.0,202207.0,1.0,1037.0,48.0,12.0
9000097533.0,23898.51288,36066.35888,0.0,2.0,2.0,1.0,2.0,8.0,4.0,2.0,2.0,9.0,83.0,1.0,11.0,11.0,1.0,5.0,5.0,1.0,6.0,3.0,3.0,3.0,1.0,3.0,1.0,3.0,0.0,5.0,1.0,202206.0,2.0,1035.0,51.0,35.0,12.0,98.0,0.0
9000097669.0,16504.63036,24242.86993,0.0,2.0,1.0,1.0,2.0,9.0,4.0,2.0,2.0,4.0,93.0,1.0,11.0,11.0,1.0,2.0,4.0,1.0,2.0,3.0,1.0,2.0,1.0,1.0,1.0,0.0,0.0,2.0,1.0,202207.0,1.0,1037.0,32.0,32.0,42.0,2.0
9000097803.0,52140.54002,0.0,175436.986,3.0,1.0,1.0,2.0,9.0,4.0,1.0,3.0,10.0,93.0,1.0,7.0,7.0,4.0,3.0,4.0,1.0,10.0,3.0,2.0,1.0,1.0,1.0,1.0,0.0,0.0,3.0,1.0,202206.0,3.0,1037.0,49.0,29.0,37.0,49.0
9000097847.0,16744.89627,25950.49221,0.0,2.0,1.0,1.0,2.0,7.0,3.0,2.0,2.0,2.0,72.0,1.0,11.0,11.0,1.0,2.0,3.0,1.0,2.0,2.0,5.0,2.0,1.0,5.0,1.0,0.0,0.0,2.0,1.0,202207.0,2.0,1033.0,29.0,59.0,72.0
9000097881.0,49035.5018,0.0,153784.1256,2.0,1.0,1.0,2.0,9.0,4.0,1.0,2.0,5.0,93.0,1.0,7.0,7.0,1.0,2.0,2.0,1.0,10.0,3.0,3.0,1.0,1.0,1.0,1.0,0.0,0.0,2.0,1.0,202206.0,0.0,1037.0,12.0,12.0
9000098390.0,19676.07863,32231.48008,0.0,1.0,2.0,2.0,1.0,9.0,4.0,2.0,1.0,5.0,91.0,1.0,10.0,10.0,1.0,1.0,1.0,2.0,9.0,1.0,5.0,2.0,1.0,4.0,1.0,0.0,0.0,1.0,1.0,202206.0,1.0,1037.0,20.0
9000104414.0,9050.215886,0.0,39149.80259,1.0,1.0,1.0,2.0,7.0,3.0,2.0,1.0,0.0,72.0,1.0,1.0,1.0,2.0,1.0,1.0,2.0,9.0,2.0,4.0,1.0,1.0,5.0,1.0,0.0,0.0,1.0,1.0,202207.0,0.0,1033.0,29.0
9000105091.0,29023.40222,0.0,109241.8782,2.0,1.0,1.0,2.0,4.0,2.0,2.0,2.0,4.0,43.0,1.0,11.0,11.0,1.0,2.0,1.0,1.0,2.0,3.0,1.0,7.0,1.0,1.0,1.0,0.0,0.0,2.0,1.0,202207.0,2.0,1027.0,29.0
9000105383.0,30718.21871,46530.70863,0.0,2.0,1.0,1.0,2.0,4.0,2.0,2.0,2.0,10.0,42.0,1.0,11.0,11.0,1.0,3.0,2.0,1.0,4.0,2.0,4.0,5.0,1.0,5.0,1.0,0.0,1.0,2.0,1.0,202208.0,2.0,1027.0,35.0,12.0
9000105583.0,6955.851133,0.0,18947.54064,2.0,1.0,1.0,1.0,9.0,4.0,2.0,2.0,2.0,91.0,1.0,11.0,11.0,1.0,2.0,2.0,1.0,2.0,1.0,4.0,1.0,1.0,4.0,1.0,0.0,0.0,2.0,1.0,202207.0,2.0,1037.0,29.0,29.0
9000106215.0,19003.31791,0.0,45681.86751,2.0,2.0,1.0,1.0,9.0,4.0,2.0,2.0,6.0,91.0,1.0,10.0,10.0,1.0,2.0,2.0,1.0,10.0,1.0,4.0,7.0,1.0,4.0,1.0,0.0,0.0,2.0,1.0,202207.0,1.0,1037.0,29.0,48.0
9000106409.0,11860.83239,15877.60774,0.0,1.0,3.0,3.0,2.0,9.0,4.0,2.0,1.0,6.0,93.0,1.0,7.0,7.0,1.0,1.0,1.0,2.0,1.0,3.0,2.0,2.0,1.0,1.0,1.0,0.0,0.0,1.0,1.0,202207.0,0.0,1037.0,12.0
9000106610.0,48751.19601,70740.47818,0.0,2.0,1.0,1.0,2.0,9.0,4.0,2.0,2.0,1.0,93.0,1.0,6.0,6.0,3.0,3.0,2.0,1.0,6.0,3.0,1.0,6.0,1.0,1.0,1.0,1.0,0.0,3.0,1.0,202207.0,0.0,1037.0,49.0,29.0
9000107013.0,23617.22307,36273.21708,0.0,2.0,3.0,3.0,2.0,2.0,1.0,2.0,2.0,4.0,23.0,1.0,11.0,11.0,1.0,3.0,1.0,1.0,4.0,3.0,2.0,6.0,1.0,2.0,1.0,0.0,1.0,2.0,1.0,202207.0,2.0,1023.0,29.0
9000107227.0,7029.159945,10234.61595,0.0,1.0,2.0,1.0,2.0,9.0,4.0,2.0,1.0,7.0,92.0,1.0,7.0,7.0,1.0,1.0,2.0,2.0,9.0,2.0,4.0,5.0,1.0,5.0,1.0,0.0,0.0,1.0,1.0,202208.0,1.0,1037.0,20.0,37.0
9000113606.0,11947.0965,0.0,39168.18721,2.0,2.0,1.0,2.0,5.0,3.0,2.0,2.0,2.0,52.0,1.0,8.0,8.0,1.0,2.0,2.0,1.0,10.0,2.0,4.0,1.0,1.0,5.0,1.0,0.0,0.0,2.0,2.0,202208.0,0.0,1030.0,29.0,49.0
9000113931.0,11612.17889,0.0,37642.35446,3.0,1.0,1.0,2.0,2.0,1.0,2.0,3.0,12.0,22.0,1.0,7.0,7.0,1.0,3.0,3.0,1.0,8.0,2.0,4.0,1.0,4.0,6.0,2.0,0.0,0.0,3.0,1.0,202208.0,2.0,1023.0,63.0,63.0,49.0
9000113943.0,5433.495103,8606.359281,0.0,2.0,1.0,1.0,2.0,1.0,1.0,2.0,2.0,11.0,14.0,1.0,11.0,11.0,1.0,2.0,2.0,1.0,2.0,4.0,6.0,4.0,2.0,6.0,1.0,0.0,0.0,2.0,1.0,202208.0,2.0,1021.0,30.0,55.0
9000114250.0,13241.50146,30150.53882,0.0,2.0,2.0,1.0,2.0,1.0,1.0,2.0,2.0,2.0,13.0,1.0,11.0,11.0,1.0,2.0,3.0,1.0,2.0,3.0,1.0,5.0,4.0,6.0,2.0,0.0,0.0,2.0,2.0,202209.0,2.0,1022.0,2.0,35.0,49.0
9000114371.0,42141.9084,61508.01251,0.0,2.0,1.0,2.0,1.0,5.0,3.0,2.0,2.0,12.0,51.0,1.0,10.0,10.0,3.0,5.0,2.0,1.0,4.0,1.0,5.0,2.0,1.0,4.0,1.0,2.0,1.0,4.0,1.0,202209.0,1.0,1029.0,37.0,34.0
9000114617.0,57890.59277,0.0,151860.6982,2.0,1.0,1.0,1.0,9.0,4.0,2.0,2.0,4.0,91.0,1.0,11.0,11.0,3.0,3.0,3.0,1.0,8.0,1.0,5.0,1.0,4.0,6.0,2.0,1.0,0.0,3.0,2.0,202208.0,2.0,1037.0,63.0,49.0,37.0
9000115035.0,36974.49689,49517.64369,0.0,1.0,2.0,4.0,2.0,6.0,3.0,2.0,1.0,2.0,62.0,1.0,6.0,6.0,97.0,1.0,2.0,2.0,9.0,2.0,4.0,3.0,4.0,6.0,2.0,0.0,0.0,1.0,1.0,202209.0,1.0,1031.0,12.0,98.0
9000115103.0,14854.79456,24440.46036,0.0,2.0,2.0,1.0,1.0,1.0,1.0,2.0,2.0,4.0,11.0,1.0,11.0,11.0,1.0,2.0,3.0,1.0,10.0,1.0,5.0,6.0,1.0,2.0,1.0,0.0,0.0,2.0,1.0,202208.0,2.0,1021.0,0.0,29.0,0.0
9000115490.0,18177.4899,24466.9003,0.0,2.0,1.0,1.0,1.0,9.0,4.0,2.0,2.0,4.0,91.0,1.0,7.0,7.0,1.0,2.0,2.0,1.0,2.0,1.0,5.0,6.0,2.0,6.0,1.0,0.0,0.0,2.0,1.0,202209.0,1.0,1037.0,2.0,0.0
9000115721.0,21041.94815,0.0,83990.76871,2.0,3.0,2.0,1.0,3.0,2.0,2.0,1.0,8.0,31.0,1.0,6.0,6.0,1.0,2.0,1.0,1.0,2.0,1.0,5.0,7.0,1.0,4.0,1.0,0.0,0.0,2.0,1.0,202209.0,1.0,1025.0,35.0
9000115729.0,65456.16682,0.0,214249.3755,5.0,4.0,1.0,2.0,5.0,3.0,2.0,5.0,15.0,53.0,1.0,6.0,6.0,2.0,8.0,2.0,1.0,4.0,3.0,3.0,7.0,4.0,6.0,2.0,2.0,1.0,7.0,2.0,202208.0,4.0,1030.0,49.0,29.0
9000117040.0,16740.24815,26660.68028,0.0,2.0,1.0,1.0,1.0,5.0,3.0,2.0,2.0,10.0,51.0,1.0,8.0,8.0,1.0,2.0,2.0,1.0,10.0,1.0,5.0,6.0,1.0,4.0,1.0,0.0,0.0,2.0,1.0,202208.0,2.0,1029.0,29.0,29.0
9000117224.0,15164.33152,0.0,56951.5606,1.0,1.0,1.0,2.0,3.0,2.0,2.0,2.0,2.0,32.0,1.0,4.0,4.0,1.0,3.0,2.0,1.0,7.0,2.0,5.0,7.0,1.0,5.0,1.0,2.0,0.0,3.0,1.0,202209.0,3.0,1025.0,63.0,6.0
9000117931.0,11352.18492,13678.80537,0.0,2.0,1.0,1.0,2.0,8.0,4.0,2.0,2.0,18.0,83.0,2.0,8.0,8.0,1.0,6.0,2.0,1.0,4.0,3.0,3.0,6.0,4.0,6.0,2.0,2.0,2.0,3.0,2.0,202209.0,1.0,1036.0,12.0,12.0
9000124939.0,16324.60734,23546.15265,0.0,2.0,1.0,1.0,1.0,9.0,4.0,1.0,2.0,2.0,91.0,1.0,11.0,11.0,1.0,2.0,2.0,1.0,2.0,1.0,5.0,5.0,1.0,4.0,1.0,0.0,0.0,2.0,1.0,202209.0,2.0,1037.0,12.0,34.0
9000125619.0,9922.133182,12350.612,0.0,1.0,2.0,1.0,2.0,7.0,3.0,2.0,1.0,4.0,72.0,1.0,5.0,5.0,1.0,1.0,2.0,2.0,9.0,2.0,5.0,2.0,1.0,3.0,1.0,0.0,0.0,1.0,1.0,202209.0,0.0,1033.0,12.0,98.0
9000126212.0,19230.40339,0.0,71506.72567,1.0,1.0,1.0,1.0,9.0,4.0,2.0,1.0,5.0,91.0,1.0,7.0,7.0,1.0,1.0,2.0,2.0,9.0,1.0,5.0,7.0,1.0,2.0,1.0,0.0,0.0,1.0,1.0,202210.0,1.0,1037.0,59.0,98.0
9000126324.0,27048.17304,40181.7977,0.0,2.0,1.0,1.0,1.0,5.0,3.0,2.0,2.0,11.0,51.0,1.0,11.0,11.0,1.0,4.0,2.0,1.0,6.0,1.0,5.0,4.0,1.0,4.0,1.0,2.0,0.0,4.0,1.0,202210.0,2.0,1029.0,29.0,58.0
9000126547.0,5767.259043,7713.367949,0.0,2.0,2.0,1.0,2.0,7.0,3.0,2.0,1.0,0.0,72.0,1.0,6.0,6.0,1.0,2.0,2.0,1.0,10.0,2.0,4.0,6.0,1.0,3.0,1.0,0.0,0.0,2.0,1.0,202210.0,0.0,1033.0,37.0,98.0
9000126677.0,16170.99033,22999.07326,0.0,2.0,2.0,1.0,2.0,3.0,2.0,2.0,2.0,4.0,32.0,1.0,11.0,11.0,1.0,2.0,2.0,1.0,10.0,2.0,5.0,6.0,1.0,5.0,1.0,0.0,0.0,2.0,1.0,202209.0,1.0,1025.0,20.0,6.0
9000127423.0,6501.877859,9596.441221,0.0,2.0,1.0,1.0,1.0,3.0,2.0,2.0,2.0,2.0,31.0,1.0,11.0,11.0,1.0,5.0,2.0,1.0,4.0,1.0,5.0,2.0,1.0,4.0,1.0,0.0,3.0,2.0,1.0,202210.0,1.0,1025.0,29.0,49.0
9000127878.0,15761.19137,0.0,62576.7043,1.0,1.0,2.0,1.0,9.0,4.0,2.0,1.0,7.0,91.0,1.0,6.0,6.0,1.0,1.0,1.0,2.0,1.0,1.0,5.0,7.0,1.0,2.0,1.0,0.0,0.0,1.0,1.0,202209.0,1.0,1037.0,29.0
9000128089.0,11374.39424,17034.95471,0.0,2.0,1.0,1.0,1.0,2.0,1.0,2.0,2.0,9.0,21.0,1.0,11.0,11.0,1.0,4.0,2.0,1.0,4.0,1.0,5.0,6.0,1.0,4.0,1.0,0.0,2.0,2.0,1.0,202210.0,2.0,1023.0,29.0,29.0
9000128420.0,4098.428381,0.0,17580.20925,1.0,2.0,1.0,2.0,8.0,4.0,2.0,1.0,5.0,82.0,1.0,10.0,10.0,1.0,1.0,3.0,2.0,9.0,2.0,5.0,1.0,2.0,6.0,1.0,0.0,0.0,1.0,2.0,202212.0,0.0,1036.0,12.0,0.0,0.0
9000128507.0,12284.87839,14382.60393,0.0,2.0,1.0,1.0,2.0,1.0,1.0,2.0,2.0,2.0,13.0,1.0,1.0,1.0,1.0,2.0,2.0,1.0,10.0,3.0,3.0,2.0,1.0,1.0,1.0,0.0,0.0,2.0,1.0,202209.0,0.0,1021.0,12.0,29.0
9000128634.0,7705.225259,0.0,25877.2011,2.0,1.0,1.0,2.0,3.0,2.0,2.0,2.0,2.0,33.0,1.0,8.0,8.0,1.0,2.0,2.0,1.0,10.0,3.0,1.0,1.0,1.0,1.0,1.0,0.0,0.0,2.0,1.0,202209.0,0.0,1025.0,13.0,98.0
9000129582.0,3999.795634,0.0,18124.98443,2.0,2.0,1.0,2.0,8.0,4.0,2.0,2.0,7.0,83.0,1.0,11.0,11.0,1.0,2.0,5.0,1.0,10.0,3.0,3.0,1.0,4.0,6.0,2.0,0.0,0.0,2.0,2.0,202210.0,2.0,1036.0,29.0,29.0,20.0,20.0,7.0
9000145668.0,10009.11289,15238.60226,0.0,2.0,1.0,1.0,2.0,9.0,4.0,2.0,2.0,14.0,93.0,1.0,10.0,10.0,1.0,2.0,3.0,1.0,2.0,3.0,1.0,6.0,1.0,1.0,1.0,0.0,0.0,2.0,1.0,202210.0,2.0,1037.0,29.0,23.0,59.0
9000145890.0,11789.80499,0.0,29028.1125,2.0,1.0,1.0,2.0,6.0,3.0,2.0,2.0,8.0,63.0,1.0,11.0,11.0,1.0,3.0,2.0,1.0,6.0,3.0,2.0,7.0,2.0,6.0,1.0,1.0,0.0,3.0,1.0,202210.0,2.0,1031.0,29.0,49.0
9000146121.0,10043.97683,14490.42971,0.0,1.0,2.0,1.0,2.0,3.0,2.0,2.0,1.0,0.0,33.0,1.0,4.0,4.0,1.0,1.0,2.0,2.0,9.0,3.0,1.0,5.0,1.0,5.0,1.0,0.0,0.0,1.0,1.0,202211.0,0.0,1025.0,49.0,98.0
9000146500.0,32320.22517,43666.31219,0.0,3.0,1.0,1.0,2.0,5.0,3.0,2.0,3.0,6.0,52.0,1.0,7.0,7.0,3.0,3.0,3.0,1.0,2.0,2.0,4.0,5.0,1.0,5.0,1.0,0.0,0.0,3.0,1.0,202301.0,2.0,1029.0,34.0,20.0,48.0
9000147183.0,6844.441183,10240.46521,0.0,2.0,2.0,1.0,2.0,8.0,4.0,2.0,2.0,6.0,82.0,1.0,8.0,8.0,1.0,3.0,1.0,1.0,4.0,2.0,4.0,5.0,1.0,5.0,1.0,0.0,1.0,2.0,1.0,202211.0,0.0,1035.0,29.0
9000147807.0,6672.873625,9717.201544,0.0,2.0,1.0,1.0,2.0,9.0,4.0,2.0,2.0,10.0,93.0,1.0,8.0,8.0,1.0,2.0,2.0,1.0,2.0,3.0,2.0,2.0,1.0,2.0,1.0,0.0,0.0,2.0,1.0,202210.0,2.0,1037.0,20.0,48.0
9000147873.0,19883.91817,28942.10798,0.0,2.0,2.0,1.0,2.0,5.0,3.0,2.0,2.0,9.0,53.0,1.0,10.0,10.0,1.0,2.0,5.0,1.0,2.0,3.0,2.0,6.0,1.0,1.0,1.0,0.0,0.0,2.0,1.0,202210.0,1.0,1029.0,12.0,2.0,98.0,98.0,98.0
9000148775.0,3412.272049,0.0,10438.5554,3.0,1.0,1.0,2.0,9.0,4.0,2.0,3.0,2.0,92.0,1.0,8.0,8.0,1.0,4.0,5.0,1.0,6.0,2.0,4.0,1.0,1.0,5.0,1.0,1.0,0.0,4.0,1.0,202211.0,1.0,1037.0,42.0,49.0,22.0,48.0,29.0
9000149254.0,13179.06,17974.83721,0.0,2.0,1.0,1.0,1.0,1.0,1.0,2.0,2.0,3.0,11.0,1.0,7.0,7.0,1.0,2.0,2.0,1.0,2.0,1.0,4.0,3.0,1.0,4.0,1.0,0.0,0.0,2.0,1.0,202210.0,2.0,1021.0,35.0,49.0
9000162656.0,6087.839877,8966.242273,0.0,2.0,1.0,1.0,2.0,2.0,1.0,2.0,2.0,12.0,22.0,1.0,10.0,10.0,1.0,4.0,2.0,1.0,6.0,2.0,4.0,3.0,1.0,3.0,1.0,2.0,0.0,4.0,1.0,202211.0,2.0,1023.0,30.0,55.0
9000162662.0,3941.945291,5800.624645,0.0,2.0,1.0,1.0,2.0,9.0,4.0,2.0,2.0,3.0,93.0,1.0,11.0,11.0,1.0,2.0,4.0,1.0,10.0,3.0,2.0,2.0,1.0,1.0,1.0,0.0,0.0,2.0,1.0,202211.0,0.0,1037.0,29.0,49.0,29.0,37.0
9000162689.0,9779.341163,15836.97987,0.0,4.0,1.0,1.0,1.0,9.0,4.0,2.0,3.0,4.0,91.0,1.0,10.0,10.0,1.0,4.0,2.0,1.0,8.0,1.0,4.0,2.0,1.0,4.0,1.0,0.0,0.0,4.0,1.0,202212.0,1.0,1037.0,29.0,12.0
9000162867.0,3954.863538,6149.233394,0.0,2.0,1.0,1.0,1.0,9.0,4.0,2.0,2.0,4.0,91.0,1.0,11.0,11.0,1.0,2.0,3.0,1.0,2.0,1.0,5.0,3.0,2.0,6.0,1.0,0.0,0.0,2.0,1.0,202211.0,2.0,1037.0,12.0,42.0,98.0
9000163409.0,333.7262783,533.2683187,0.0,2.0,1.0,1.0,2.0,9.0,4.0,2.0,2.0,13.0,92.0,1.0,10.0,10.0,1.0,3.0,2.0,1.0,6.0,2.0,4.0,3.0,1.0,3.0,1.0,1.0,0.0,3.0,1.0,202211.0,2.0,1039.0,35.0,35.0
9000163906.0,6188.469449,10852.25835,0.0,2.0,2.0,1.0,1.0,9.0,4.0,2.0,2.0,7.0,91.0,1.0,11.0,11.0,1.0,2.0,2.0,1.0,10.0,1.0,4.0,4.0,1.0,4.0,1.0,0.0,0.0,2.0,1.0,202212.0,0.0,1037.0,12.0,59.0
9000164302.0,26909.42107,33117.56976,0.0,4.0,1.0,1.0,2.0,9.0,4.0,2.0,3.0,6.0,93.0,1.0,9.0,9.0,3.0,6.0,4.0,1.0,6.0,3.0,3.0,4.0,1.0,1.0,1.0,2.0,0.0,6.0,2.0,202211.0,2.0,1038.0,49.0,49.0,49.0,29.0
9000164968.0,7076.73898,11379.90512,0.0,2.0,1.0,1.0,1.0,9.0,4.0,2.0,2.0,5.0,91.0,1.0,11.0,11.0,1.0,2.0,2.0,1.0,2.0,1.0,5.0,5.0,1.0,3.0,1.0,0.0,0.0,2.0,1.0,202211.0,2.0,1037.0,29.0,0.0
9000165188.0,4182.46178,6244.609368,0.0,1.0,2.0,1.0,2.0,5.0,3.0,2.0,1.0,6.0,53.0,1.0,11.0,11.0,1.0,1.0,1.0,2.0,9.0,3.0,3.0,2.0,1.0,2.0,1.0,0.0,0.0,1.0,1.0,202211.0,0.0,1029.0,29.0
9000167132.0,10081.47861,15462.2446,0.0,2.0,1.0,1.0,2.0,7.0,3.0,2.0,2.0,20.0,72.0,1.0,11.0,11.0,1.0,5.0,3.0,1.0,6.0,2.0,5.0,6.0,1.0,3.0,1.0,3.0,0.0,5.0,1.0,202212.0,1.0,1033.0,12.0,49.0,59.0
9000167328.0,3657.530154,0.0,14662.07505,1.0,1.0,1.0,2.0,8.0,4.0,2.0,1.0,2.0,83.0,1.0,-7.0,6.0,1.0,1.0,3.0,2.0,1.0,3.0,3.0,1.0,1.0,3.0,1.0,0.0,0.0,1.0,1.0,202211.0,1.0,1035.0,49.0,49.0,29.0
9000167348.0,4064.631625,5720.181646,0.0,2.0,2.0,1.0,2.0,1.0,1.0,2.0,2.0,2.0,13.0,1.0,9.0,9.0,1.0,2.0,1.0,1.0,2.0,3.0,3.0,3.0,1.0,2.0,1.0,0.0,0.0,2.0,1.0,202211.0,2.0,1021.0,20.0
9000167847.0,3556.461474,0.0,10179.40574,1.0,1.0,1.0,2.0,8.0,4.0,2.0,1.0,6.0,82.0,1.0,10.0,10.0,1.0,1.0,3.0,2.0,1.0,2.0,4.0,1.0,1.0,5.0,1.0,0.0,0.0,1.0,1.0,202211.0,1.0,1035.0,29.0,29.0,98.0
9000167980.0,6278.393229,0.0,16561.63553,2.0,2.0,1.0,2.0,9.0,4.0,2.0,2.0,6.0,93.0,1.0,8.0,8.0,1.0,2.0,3.0,1.0,10.0,3.0,1.0,7.0,2.0,6.0,1.0,0.0,0.0,2.0,1.0,202211.0,0.0,1037.0,49.0,20.0,98.0
9000168811.0,7699.839448,0.0,24887.21162,2.0,2.0,1.0,2.0,9.0,4.0,2.0,1.0,2.0,92.0,1.0,-7.0,7.0,1.0,2.0,2.0,1.0,10.0,2.0,4.0,7.0,1.0,5.0,1.0,0.0,0.0,2.0,1.0,202211.0,0.0,1037.0,48.0,98.0
9000168974.0,6303.759817,9393.248804,0.0,3.0,1.0,1.0,2.0,9.0,4.0,2.0,2.0,14.0,92.0,1.0,9.0,9.0,1.0,4.0,3.0,1.0,8.0,2.0,5.0,5.0,1.0,5.0,1.0,1.0,0.0,4.0,1.0,202212.0,1.0,1037.0,49.0,49.0,98.0
9000169702.0,4688.701128,7298.375135,0.0,2.0,1.0,2.0,1.0,5.0,3.0,2.0,2.0,4.0,51.0,1.0,11.0,11.0,1.0,2.0,5.0,1.0,2.0,1.0,5.0,3.0,1.0,4.0,1.0,0.0,0.0,2.0,1.0,202211.0,2.0,1029.0,30.0,32.0,30.0,32.0,0.0
9000169950.0,3273.323083,4489.73402,0.0,1.0,3.0,3.0,2.0,8.0,4.0,2.0,1.0,0.0,83.0,1.0,6.0,6.0,1.0,1.0,1.0,2.0,9.0,3.0,3.0,4.0,1.0,2.0,1.0,0.0,0.0,1.0,1.0,202211.0,1.0,1035.0,29.0
9000170377.0,11500.24861,18216.41411,0.0,3.0,3.0,1.0,2.0,6.0,3.0,2.0,3.0,6.0,63.0,1.0,8.0,8.0,1.0,3.0,4.0,1.0,10.0,3.0,2.0,5.0,1.0,2.0,1.0,0.0,0.0,3.0,1.0,202211.0,1.0,1031.0,35.0,29.0,2.0,72.0
9000170452.0,8396.023322,0.0,24115.97926,2.0,1.0,1.0,2.0,8.0,4.0,2.0,2.0,11.0,83.0,1.0,11.0,11.0,1.0,2.0,4.0,1.0,2.0,3.0,1.0,7.0,1.0,1.0,1.0,0.0,0.0,2.0,1.0,202212.0,2.0,1035.0,29.0,42.0,12.0,49.0
9000171108.0,2506.353897,3630.489156,0.0,2.0,2.0,1.0,1.0,9.0,4.0,2.0,2.0,2.0,91.0,1.0,8.0,8.0,1.0,2.0,2.0,1.0,10.0,1.0,5.0,4.0,1.0,3.0,1.0,0.0,0.0,2.0,1.0,202211.0,0.0,1037.0,20.0,49.0
9000171187.0,10705.86134,14273.3681,0.0,2.0,1.0,2.0,1.0,5.0,3.0,2.0,1.0,2.0,51.0,1.0,5.0,5.0,1.0,3.0,1.0,1.0,4.0,1.0,5.0,5.0,1.0,4.0,1.0,0.0,1.0,2.0,1.0,202211.0,1.0,1029.0,29.0
9000171278.0,13379.64752,20717.7374,0.0,2.0,1.0,1.0,2.0,8.0,4.0,2.0,2.0,16.0,82.0,1.0,11.0,11.0,1.0,4.0,8.0,1.0,6.0,2.0,4.0,3.0,1.0,5.0,1.0,2.0,0.0,4.0,1.0,202211.0,1.0,1035.0,34.0,29.0,12.0,20.0,12.0,22.0,23.0,98.0
9000172289.0,3727.13533,4986.816842,0.0,1.0,1.0,1.0,2.0,5.0,3.0,2.0,1.0,3.0,53.0,1.0,8.0,8.0,1.0,1.0,1.0,2.0,9.0,3.0,2.0,2.0,1.0,2.0,1.0,0.0,0.0,1.0,1.0,202211.0,0.0,1029.0,29.0
9000173341.0,15059.84729,23568.06283,0.0,2.0,2.0,1.0,2.0,3.0,2.0,2.0,3.0,8.0,32.0,1.0,11.0,11.0,1.0,3.0,3.0,1.0,8.0,2.0,5.0,5.0,1.0,5.0,1.0,1.0,0.0,3.0,1.0,202210.0,2.0,1025.0,20.0,19.0,23.0
9000173466.0,10651.45034,0.0,31810.34777,2.0,1.0,1.0,1.0,2.0,1.0,2.0,2.0,10.0,21.0,1.0,11.0,11.0,1.0,5.0,2.0,1.0,4.0,1.0,5.0,1.0,1.0,4.0,1.0,3.0,0.0,5.0,1.0,202210.0,1.0,1023.0,37.0,29.0
9000173484.0,2805.566889,3832.02864,0.0,2.0,1.0,1.0,2.0,7.0,3.0,2.0,2.0,2.0,72.0,1.0,7.0,7.0,1.0,2.0,2.0,1.0,2.0,2.0,4.0,2.0,4.0,6.0,2.0,0.0,0.0,2.0,1.0,202211.0,2.0,1033.0,20.0,49.0
9000173859.0,4585.625627,7764.059181,0.0,2.0,1.0,1.0,1.0,2.0,1.0,2.0,2.0,5.0,21.0,1.0,11.0,11.0,1.0,2.0,2.0,1.0,10.0,1.0,5.0,5.0,1.0,4.0,1.0,0.0,0.0,2.0,1.0,202212.0,1.0,1023.0,29.0,48.0
9000174788.0,5282.140971,0.0,16692.42942,2.0,1.0,1.0,1.0,1.0,1.0,2.0,2.0,2.0,11.0,1.0,11.0,11.0,1.0,4.0,2.0,1.0,6.0,1.0,5.0,7.0,1.0,4.0,1.0,2.0,0.0,4.0,1.0,202211.0,2.0,1021.0,0.0,29.0
9000174876.0,13558.90152,21296.8685,0.0,2.0,1.0,1.0,2.0,7.0,3.0,2.0,2.0,15.0,72.0,1.0,11.0,11.0,1.0,4.0,2.0,1.0,6.0,2.0,5.0,2.0,1.0,5.0,1.0,2.0,0.0,4.0,1.0,202212.0,2.0,1033.0,29.0,35.0
9000175071.0,4370.692937,6809.120554,0.0,2.0,2.0,1.0,2.0,2.0,1.0,2.0,2.0,6.0,23.0,1.0,10.0,10.0,1.0,2.0,2.0,1.0,10.0,3.0,3.0,2.0,1.0,2.0,1.0,0.0,0.0,2.0,1.0,202212.0,1.0,1023.0,29.0,49.0
9000208788.0,4027.538832,5613.669078,0.0,1.0,2.0,3.0,1.0,2.0,1.0,2.0,1.0,3.0,21.0,1.0,8.0,8.0,1.0,1.0,1.0,2.0,1.0,1.0,5.0,6.0,1.0,4.0,1.0,0.0,0.0,1.0,1.0,202212.0,1.0,1023.0,98.0
9000208789.0,14828.36702,22108.62538,0.0,1.0,1.0,1.0,2.0,5.0,3.0,2.0,1.0,0.0,53.0,1.0,8.0,8.0,3.0,1.0,1.0,2.0,1.0,3.0,3.0,4.0,1.0,1.0,1.0,0.0,0.0,1.0,2.0,202212.0,1.0,1030.0,29.0
9000209111.0,12406.0151,17844.47467,0.0,2.0,1.0,1.0,2.0,8.0,4.0,2.0,2.0,4.0,82.0,1.0,9.0,9.0,1.0,4.0,2.0,1.0,6.0,2.0,4.0,3.0,1.0,5.0,1.0,2.0,0.0,4.0,1.0,202301.0,1.0,1035.0,12.0,35.0
9000209563.0,12962.98892,0.0,29891.34829,2.0,1.0,1.0,2.0,4.0,2.0,2.0,2.0,2.0,42.0,1.0,8.0,8.0,1.0,3.0,3.0,1.0,6.0,2.0,5.0,7.0,4.0,6.0,2.0,1.0,0.0,3.0,2.0,202212.0,2.0,1028.0,2.0,34.0,34.0
9000210106.0,5789.291017,9172.660153,0.0,2.0,1.0,1.0,2.0,9.0,4.0,2.0,2.0,10.0,92.0,1.0,7.0,7.0,1.0,2.0,2.0,1.0,10.0,2.0,5.0,3.0,1.0,5.0,1.0,0.0,0.0,2.0,1.0,202212.0,0.0,1037.0,49.0,29.0
9000210211.0,39275.95701,0.0,120071.0578,3.0,2.0,1.0,2.0,2.0,1.0,2.0,3.0,0.0,23.0,1.0,8.0,8.0,1.0,3.0,3.0,1.0,10.0,3.0,1.0,7.0,4.0,6.0,2.0,0.0,0.0,3.0,2.0,202212.0,2.0,1024.0,12.0,12.0,12.0
9000211172.0,24304.42493,35947.02716,0.0,3.0,1.0,1.0,1.0,2.0,1.0,2.0,3.0,6.0,21.0,1.0,11.0,11.0,3.0,3.0,3.0,1.0,2.0,1.0,5.0,5.0,1.0,4.0,1.0,0.0,0.0,3.0,1.0,202301.0,0.0,1023.0,49.0,48.0,63.0
9000212500.0,9354.726322,13288.91125,0.0,1.0,3.0,1.0,2.0,3.0,2.0,2.0,1.0,1.0,33.0,1.0,7.0,7.0,3.0,1.0,1.0,2.0,1.0,3.0,1.0,6.0,1.0,1.0,1.0,0.0,0.0,1.0,1.0,202212.0,1.0,1025.0,29.0
9000212660.0,3788.94457,5333.486685,0.0,2.0,1.0,1.0,2.0,5.0,3.0,2.0,2.0,5.0,53.0,1.0,8.0,8.0,1.0,2.0,3.0,1.0,2.0,3.0,3.0,2.0,1.0,3.0,1.0,0.0,0.0,2.0,1.0,202212.0,2.0,1029.0,2.0,49.0,29.0
9000212684.0,228890.3257,0.0,746881.6748,3.0,1.0,1.0,2.0,9.0,4.0,2.0,3.0,0.0,92.0,1.0,10.0,10.0,3.0,3.0,3.0,1.0,2.0,2.0,5.0,7.0,1.0,5.0,1.0,0.0,0.0,3.0,1.0,202301.0,3.0,1037.0,54.0,29.0,48.0
9000212821.0,9421.134856,15089.99534,0.0,1.0,2.0,2.0,1.0,9.0,4.0,2.0,1.0,3.0,91.0,1.0,10.0,10.0,3.0,1.0,2.0,2.0,1.0,1.0,4.0,5.0,1.0,4.0,1.0,0.0,0.0,1.0,1.0,202212.0,1.0,1037.0,51.0,34.0
9000212855.0,13372.76887,20565.19767,0.0,3.0,2.0,1.0,2.0,9.0,4.0,2.0,2.0,7.0,92.0,1.0,10.0,10.0,1.0,4.0,3.0,1.0,6.0,2.0,4.0,2.0,1.0,5.0,1.0,1.0,0.0,4.0,1.0,202212.0,2.0,1037.0,59.0,6.0,98.0
9000213749.0,4520.646166,10734.39307,0.0,2.0,1.0,1.0,2.0,1.0,1.0,2.0,2.0,6.0,13.0,1.0,8.0,8.0,1.0,2.0,2.0,1.0,2.0,3.0,3.0,2.0,4.0,6.0,2.0,0.0,0.0,2.0,2.0,202212.0,2.0,1022.0,30.0,49.0
9000213791.0,7181.040391,11737.33437,0.0,2.0,2.0,1.0,1.0,2.0,1.0,2.0,2.0,5.0,21.0,1.0,8.0,8.0,1.0,2.0,2.0,1.0,10.0,1.0,5.0,6.0,1.0,4.0,1.0,0.0,0.0,2.0,1.0,202212.0,0.0,1023.0,55.0,42.0
9000214591.0,4152.581591,6285.535487,0.0,1.0,1.0,2.0,2.0,9.0,4.0,2.0,1.0,2.0,92.0,1.0,8.0,8.0,1.0,1.0,3.0,2.0,1.0,2.0,4.0,4.0,1.0,5.0,1.0,0.0,0.0,1.0,1.0,202212.0,1.0,1037.0,2.0,35.0,0.0
9000214795.0,3267.601346,4809.421516,0.0,2.0,2.0,1.0,2.0,5.0,3.0,2.0,2.0,2.0,52.0,1.0,8.0,8.0,1.0,2.0,4.0,1.0,2.0,2.0,5.0,2.0,1.0,5.0,1.0,0.0,0.0,2.0,1.0,202212.0,2.0,1029.0,41.0,52.0,0.0,55.0
9000214853.0,11907.53441,0.0,37279.85485,1.0,1.0,2.0,2.0,9.0,4.0,2.0,1.0,5.0,92.0,1.0,10.0,10.0,1.0,1.0,2.0,2.0,1.0,2.0,5.0,1.0,1.0,5.0,1.0,0.0,0.0,1.0,1.0,202301.0,1.0,1037.0,63.0,29.0
9000214916.0,6486.342686,10453.5935,0.0,2.0,1.0,1.0,2.0,3.0,2.0,2.0,2.0,6.0,33.0,1.0,10.0,10.0,1.0,2.0,2.0,1.0,2.0,3.0,2.0,3.0,4.0,6.0,2.0,0.0,0.0,2.0,2.0,202212.0,2.0,1025.0,29.0,35.0
9000214938.0,23702.32784,0.0,67694.38543,2.0,2.0,1.0,2.0,5.0,3.0,2.0,2.0,6.0,53.0,1.0,11.0,11.0,1.0,2.0,2.0,1.0,10.0,3.0,3.0,7.0,4.0,6.0,2.0,0.0,0.0,2.0,2.0,202301.0,1.0,1030.0,55.0,37.0
9000215432.0,4298.615236,6358.133848,0.0,2.0,2.0,1.0,2.0,5.0,3.0,2.0,2.0,8.0,53.0,1.0,8.0,8.0,1.0,2.0,2.0,1.0,10.0,3.0,3.0,5.0,1.0,3.0,1.0,0.0,0.0,2.0,1.0,202212.0,0.0,1029.0,49.0,0.0
9000215498.0,5739.354462,9721.296162,0.0,2.0,1.0,1.0,1.0,5.0,3.0,2.0,2.0,10.0,51.0,1.0,11.0,11.0,1.0,2.0,2.0,1.0,10.0,1.0,5.0,2.0,1.0,4.0,1.0,0.0,0.0,2.0,1.0,202212.0,1.0,1029.0,59.0,29.0
9000216204.0,8685.951969,0.0,20102.76924,1.0,1.0,1.0,2.0,3.0,2.0,2.0,1.0,3.0,32.0,1.0,11.0,11.0,2.0,1.0,1.0,2.0,9.0,2.0,4.0,1.0,1.0,5.0,1.0,0.0,0.0,1.0,1.0,202212.0,0.0,1025.0,29.0
